"iso2c","year","value"
"AE",1998,NA
"AF",1998,NA
"AL",1998,NA
"AM",1998,NA
"AO",1998,NA
"AR",1998,3
"AT",1998,7.5
"AU",1998,8.7
"AZ",1998,NA
"BA",1998,NA
"BB",1998,NA
"BD",1998,NA
"BE",1998,5.4
"BF",1998,NA
"BG",1998,2.9
"BH",1998,NA
"BI",1998,NA
"BJ",1998,NA
"BN",1998,NA
"BO",1998,2.8
"BR",1998,4
"BS",1998,NA
"BT",1998,NA
"BW",1998,6.1
"BY",1998,3.9
"BZ",1998,NA
"CA",1998,9.2
"CD",1998,NA
"CF",1998,NA
"CG",1998,NA
"CH",1998,8.9
"CI",1998,3.1
"CL",1998,6.8
"CM",1998,1.4
"CN",1998,3.5
"CO",1998,2.2
"CR",1998,5.6
"CS",1998,NA
"CU",1998,NA
"CV",1998,NA
"CY",1998,NA
"CZ",1998,4.8
"DE",1998,7.9
"DJ",1998,NA
"DK",1998,10
"DM",1998,NA
"DO",1998,NA
"DZ",1998,NA
"EC",1998,2.3
"EE",1998,5.7
"EG",1998,2.9
"ER",1998,NA
"ES",1998,6.1
"ET",1998,NA
"FI",1998,9.6
"FJ",1998,NA
"FR",1998,6.7
"GA",1998,NA
"GB",1998,8.7
"GD",1998,NA
"GE",1998,NA
"GH",1998,3.3
"GM",1998,NA
"GN",1998,NA
"GQ",1998,NA
"GR",1998,4.9
"GT",1998,3.1
"GW",1998,NA
"GY",1998,NA
"HK",1998,7.8
"HN",1998,1.7
"HR",1998,NA
"HT",1998,NA
"HU",1998,5
"ID",1998,2
"IE",1998,8.2
"IL",1998,7.1
"IN",1998,2.9
"IQ",1998,NA
"IR",1998,NA
"IS",1998,9.3
"IT",1998,4.6
"JM",1998,3.8
"JO",1998,4.7
"JP",1998,5.8
"KE",1998,2.5
"KG",1998,NA
"KH",1998,NA
"KI",1998,NA
"KM",1998,NA
"KP",1998,NA
"KR",1998,4.2
"KW",1998,NA
"KZ",1998,NA
"LA",1998,NA
"LB",1998,NA
"LC",1998,NA
"LK",1998,NA
"LR",1998,NA
"LS",1998,NA
"LT",1998,NA
"LU",1998,8.7
"LV",1998,2.7
"LY",1998,NA
"MA",1998,3.7
"MD",1998,NA
"ME",1998,NA
"MG",1998,NA
"MK",1998,NA
"ML",1998,NA
"MM",1998,NA
"MN",1998,NA
"MO",1998,NA
"MR",1998,NA
"MT",1998,NA
"MU",1998,5
"MV",1998,NA
"MW",1998,4.1
"MX",1998,3.3
"MY",1998,5.3
"MZ",1998,NA
"NA",1998,5.3
"NE",1998,NA
"NG",1998,1.9
"NI",1998,3
"NL",1998,9
"NO",1998,9
"NP",1998,NA
"NZ",1998,9.4
"OM",1998,NA
"PA",1998,NA
"PE",1998,4.5
"PG",1998,NA
"PH",1998,3.3
"PK",1998,2.7
"PL",1998,4.6
"PR",1998,NA
"PS",1998,NA
"PT",1998,6.5
"PY",1998,1.5
"QA",1998,NA
"RO",1998,3
"RS",1998,3
"RU",1998,2.4
"RW",1998,NA
"SA",1998,NA
"SB",1998,NA
"SC",1998,NA
"SD",1998,NA
"SE",1998,9.5
"SG",1998,9.1
"SI",1998,NA
"SK",1998,3.9
"SL",1998,NA
"SN",1998,3.3
"SO",1998,NA
"SR",1998,NA
"ST",1998,NA
"SV",1998,3.6
"SY",1998,NA
"SZ",1998,NA
"TD",1998,NA
"TG",1998,NA
"TH",1998,3
"TJ",1998,NA
"TL",1998,NA
"TM",1998,NA
"TN",1998,5
"TO",1998,NA
"TR",1998,3.4
"TT",1998,NA
"TW",1998,5.3
"TZ",1998,1.9
"UA",1998,2.8
"UG",1998,2.6
"US",1998,7.5
"UY",1998,4.3
"UZ",1998,NA
"VC",1998,NA
"VE",1998,2.3
"VN",1998,2.5
"VU",1998,NA
"WS",1998,NA
"YE",1998,NA
"ZA",1998,5.2
"ZM",1998,3.5
"ZW",1998,4.2
"AE",1999,NA
"AF",1999,NA
"AL",1999,2.3
"AM",1999,2.5
"AO",1999,NA
"AR",1999,3
"AT",1999,7.6
"AU",1999,8.7
"AZ",1999,1.7
"BA",1999,NA
"BB",1999,NA
"BD",1999,NA
"BE",1999,5.3
"BF",1999,NA
"BG",1999,3.3
"BH",1999,NA
"BI",1999,NA
"BJ",1999,NA
"BN",1999,NA
"BO",1999,2.5
"BR",1999,4.1
"BS",1999,NA
"BT",1999,NA
"BW",1999,6.1
"BY",1999,3.4
"BZ",1999,NA
"CA",1999,9.2
"CD",1999,NA
"CF",1999,NA
"CG",1999,NA
"CH",1999,8.9
"CI",1999,2.6
"CL",1999,6.9
"CM",1999,1.5
"CN",1999,3.4
"CO",1999,2.9
"CR",1999,5.1
"CS",1999,NA
"CU",1999,NA
"CV",1999,NA
"CY",1999,NA
"CZ",1999,4.6
"DE",1999,8
"DJ",1999,NA
"DK",1999,10
"DM",1999,NA
"DO",1999,NA
"DZ",1999,NA
"EC",1999,2.4
"EE",1999,5.7
"EG",1999,3.3
"ER",1999,NA
"ES",1999,6.6
"ET",1999,NA
"FI",1999,9.8
"FJ",1999,NA
"FR",1999,6.6
"GA",1999,NA
"GB",1999,8.6
"GD",1999,NA
"GE",1999,2.3
"GH",1999,3.3
"GM",1999,NA
"GN",1999,NA
"GQ",1999,NA
"GR",1999,4.9
"GT",1999,3.2
"GW",1999,NA
"GY",1999,NA
"HK",1999,7.7
"HN",1999,1.8
"HR",1999,2.7
"HT",1999,NA
"HU",1999,5.2
"ID",1999,1.7
"IE",1999,7.7
"IL",1999,6.8
"IN",1999,2.9
"IQ",1999,NA
"IR",1999,NA
"IS",1999,9.2
"IT",1999,4.7
"JM",1999,3.8
"JO",1999,4.4
"JP",1999,6
"KE",1999,2
"KG",1999,2.2
"KH",1999,NA
"KI",1999,NA
"KM",1999,NA
"KP",1999,NA
"KR",1999,3.8
"KW",1999,NA
"KZ",1999,2.3
"LA",1999,NA
"LB",1999,NA
"LC",1999,NA
"LK",1999,NA
"LR",1999,NA
"LS",1999,NA
"LT",1999,3.8
"LU",1999,8.8
"LV",1999,3.4
"LY",1999,NA
"MA",1999,4.1
"MD",1999,2.6
"ME",1999,NA
"MG",1999,NA
"MK",1999,3.3
"ML",1999,NA
"MM",1999,NA
"MN",1999,4.3
"MO",1999,NA
"MR",1999,NA
"MT",1999,NA
"MU",1999,4.9
"MV",1999,NA
"MW",1999,4.1
"MX",1999,3.4
"MY",1999,5.1
"MZ",1999,3.5
"NA",1999,5.3
"NE",1999,NA
"NG",1999,1.6
"NI",1999,3.1
"NL",1999,9
"NO",1999,8.9
"NP",1999,NA
"NZ",1999,9.4
"OM",1999,NA
"PA",1999,NA
"PE",1999,4.5
"PG",1999,NA
"PH",1999,3.6
"PK",1999,2.2
"PL",1999,4.2
"PR",1999,NA
"PS",1999,NA
"PT",1999,6.7
"PY",1999,2
"QA",1999,NA
"RO",1999,3.3
"RS",1999,2
"RU",1999,2.4
"RW",1999,NA
"SA",1999,NA
"SB",1999,NA
"SC",1999,NA
"SD",1999,NA
"SE",1999,9.4
"SG",1999,9.1
"SI",1999,6
"SK",1999,3.7
"SL",1999,NA
"SN",1999,3.4
"SO",1999,NA
"SR",1999,NA
"ST",1999,NA
"SV",1999,3.9
"SY",1999,NA
"SZ",1999,NA
"TD",1999,NA
"TG",1999,NA
"TH",1999,3.2
"TJ",1999,NA
"TL",1999,NA
"TM",1999,NA
"TN",1999,5
"TO",1999,NA
"TR",1999,3.6
"TT",1999,NA
"TW",1999,5.6
"TZ",1999,1.9
"UA",1999,2.6
"UG",1999,2.2
"US",1999,7.5
"UY",1999,4.4
"UZ",1999,1.8
"VC",1999,NA
"VE",1999,2.6
"VN",1999,2.6
"VU",1999,NA
"WS",1999,NA
"YE",1999,NA
"ZA",1999,5
"ZM",1999,3.5
"ZW",1999,4.1
"AE",2000,NA
"AF",2000,NA
"AL",2000,NA
"AM",2000,2.5
"AO",2000,1.7
"AR",2000,3.5
"AT",2000,7.7
"AU",2000,8.3
"AZ",2000,1.5
"BA",2000,NA
"BB",2000,NA
"BD",2000,NA
"BE",2000,6.1
"BF",2000,3
"BG",2000,3.5
"BH",2000,NA
"BI",2000,NA
"BJ",2000,NA
"BN",2000,NA
"BO",2000,2.7
"BR",2000,3.9
"BS",2000,NA
"BT",2000,NA
"BW",2000,6
"BY",2000,4.1
"BZ",2000,NA
"CA",2000,9.2
"CD",2000,NA
"CF",2000,NA
"CG",2000,NA
"CH",2000,8.6
"CI",2000,2.7
"CL",2000,7.4
"CM",2000,2
"CN",2000,3.1
"CO",2000,3.2
"CR",2000,5.4
"CS",2000,NA
"CU",2000,NA
"CV",2000,NA
"CY",2000,NA
"CZ",2000,4.3
"DE",2000,7.6
"DJ",2000,NA
"DK",2000,9.8
"DM",2000,NA
"DO",2000,NA
"DZ",2000,NA
"EC",2000,2.6
"EE",2000,5.7
"EG",2000,3.1
"ER",2000,NA
"ES",2000,7
"ET",2000,3.2
"FI",2000,10
"FJ",2000,NA
"FR",2000,6.7
"GA",2000,NA
"GB",2000,8.7
"GD",2000,NA
"GE",2000,NA
"GH",2000,3.5
"GM",2000,NA
"GN",2000,NA
"GQ",2000,NA
"GR",2000,4.9
"GT",2000,NA
"GW",2000,NA
"GY",2000,NA
"HK",2000,7.7
"HN",2000,NA
"HR",2000,3.7
"HT",2000,NA
"HU",2000,5.2
"ID",2000,1.7
"IE",2000,7.2
"IL",2000,6.6
"IN",2000,2.8
"IQ",2000,NA
"IR",2000,NA
"IS",2000,9.1
"IT",2000,4.6
"JM",2000,NA
"JO",2000,4.6
"JP",2000,6.4
"KE",2000,2.1
"KG",2000,NA
"KH",2000,NA
"KI",2000,NA
"KM",2000,NA
"KP",2000,NA
"KR",2000,4
"KW",2000,NA
"KZ",2000,3
"LA",2000,NA
"LB",2000,NA
"LC",2000,NA
"LK",2000,NA
"LR",2000,NA
"LS",2000,NA
"LT",2000,4.1
"LU",2000,8.6
"LV",2000,3.4
"LY",2000,NA
"MA",2000,4.7
"MD",2000,2.6
"ME",2000,NA
"MG",2000,NA
"MK",2000,NA
"ML",2000,NA
"MM",2000,NA
"MN",2000,NA
"MO",2000,NA
"MR",2000,NA
"MT",2000,NA
"MU",2000,4.7
"MV",2000,NA
"MW",2000,4.1
"MX",2000,3.3
"MY",2000,4.8
"MZ",2000,2.2
"NA",2000,5.4
"NE",2000,NA
"NG",2000,1.2
"NI",2000,NA
"NL",2000,8.9
"NO",2000,9.1
"NP",2000,NA
"NZ",2000,9.4
"OM",2000,NA
"PA",2000,NA
"PE",2000,4.4
"PG",2000,NA
"PH",2000,2.8
"PK",2000,NA
"PL",2000,4.1
"PR",2000,NA
"PS",2000,NA
"PT",2000,6.4
"PY",2000,NA
"QA",2000,NA
"RO",2000,2.9
"RS",2000,1.3
"RU",2000,2.1
"RW",2000,NA
"SA",2000,NA
"SB",2000,NA
"SC",2000,NA
"SD",2000,NA
"SE",2000,9.4
"SG",2000,9.1
"SI",2000,5.5
"SK",2000,3.5
"SL",2000,NA
"SN",2000,3.5
"SO",2000,NA
"SR",2000,NA
"ST",2000,NA
"SV",2000,4.1
"SY",2000,NA
"SZ",2000,NA
"TD",2000,NA
"TG",2000,NA
"TH",2000,3.2
"TJ",2000,NA
"TL",2000,NA
"TM",2000,NA
"TN",2000,5.2
"TO",2000,NA
"TR",2000,3.8
"TT",2000,NA
"TW",2000,5.5
"TZ",2000,2.5
"UA",2000,1.5
"UG",2000,2.3
"US",2000,7.8
"UY",2000,NA
"UZ",2000,2.4
"VC",2000,NA
"VE",2000,2.7
"VN",2000,2.5
"VU",2000,NA
"WS",2000,NA
"YE",2000,NA
"ZA",2000,5
"ZM",2000,3.4
"ZW",2000,3
"AE",2001,NA
"AF",2001,NA
"AL",2001,NA
"AM",2001,NA
"AO",2001,NA
"AR",2001,3.5
"AT",2001,7.8
"AU",2001,8.5
"AZ",2001,2
"BA",2001,NA
"BB",2001,NA
"BD",2001,0.4
"BE",2001,6.6
"BF",2001,NA
"BG",2001,3.9
"BH",2001,NA
"BI",2001,NA
"BJ",2001,NA
"BN",2001,NA
"BO",2001,2
"BR",2001,4
"BS",2001,NA
"BT",2001,NA
"BW",2001,6
"BY",2001,NA
"BZ",2001,NA
"CA",2001,8.9
"CD",2001,NA
"CF",2001,NA
"CG",2001,NA
"CH",2001,8.4
"CI",2001,2.4
"CL",2001,7.5
"CM",2001,2
"CN",2001,3.5
"CO",2001,3.8
"CR",2001,4.5
"CS",2001,NA
"CU",2001,NA
"CV",2001,NA
"CY",2001,NA
"CZ",2001,3.9
"DE",2001,7.4
"DJ",2001,NA
"DK",2001,9.5
"DM",2001,NA
"DO",2001,3.1
"DZ",2001,NA
"EC",2001,2.3
"EE",2001,5.6
"EG",2001,3.6
"ER",2001,NA
"ES",2001,7
"ET",2001,NA
"FI",2001,9.9
"FJ",2001,NA
"FR",2001,6.7
"GA",2001,NA
"GB",2001,8.3
"GD",2001,NA
"GE",2001,NA
"GH",2001,3.4
"GM",2001,NA
"GN",2001,NA
"GQ",2001,NA
"GR",2001,4.2
"GT",2001,2.9
"GW",2001,NA
"GY",2001,NA
"HK",2001,7.9
"HN",2001,2.7
"HR",2001,3.9
"HT",2001,NA
"HU",2001,5.3
"ID",2001,1.9
"IE",2001,7.5
"IL",2001,7.6
"IN",2001,2.7
"IQ",2001,NA
"IR",2001,NA
"IS",2001,9.2
"IT",2001,5.5
"JM",2001,NA
"JO",2001,4.9
"JP",2001,7.1
"KE",2001,2
"KG",2001,NA
"KH",2001,NA
"KI",2001,NA
"KM",2001,NA
"KP",2001,NA
"KR",2001,4.2
"KW",2001,NA
"KZ",2001,2.7
"LA",2001,NA
"LB",2001,NA
"LC",2001,NA
"LK",2001,NA
"LR",2001,NA
"LS",2001,NA
"LT",2001,4.8
"LU",2001,8.7
"LV",2001,3.4
"LY",2001,NA
"MA",2001,NA
"MD",2001,3.1
"ME",2001,NA
"MG",2001,NA
"MK",2001,NA
"ML",2001,NA
"MM",2001,NA
"MN",2001,NA
"MO",2001,NA
"MR",2001,NA
"MT",2001,NA
"MU",2001,4.5
"MV",2001,NA
"MW",2001,3.2
"MX",2001,3.7
"MY",2001,5
"MZ",2001,NA
"NA",2001,5.4
"NE",2001,NA
"NG",2001,1
"NI",2001,2.4
"NL",2001,8.8
"NO",2001,8.6
"NP",2001,NA
"NZ",2001,9.4
"OM",2001,NA
"PA",2001,3.7
"PE",2001,4.1
"PG",2001,NA
"PH",2001,2.9
"PK",2001,2.3
"PL",2001,4.1
"PR",2001,NA
"PS",2001,NA
"PT",2001,6.3
"PY",2001,NA
"QA",2001,NA
"RO",2001,2.8
"RS",2001,NA
"RU",2001,2.3
"RW",2001,NA
"SA",2001,NA
"SB",2001,NA
"SC",2001,NA
"SD",2001,NA
"SE",2001,9
"SG",2001,9.2
"SI",2001,5.2
"SK",2001,3.7
"SL",2001,NA
"SN",2001,2.9
"SO",2001,NA
"SR",2001,NA
"ST",2001,NA
"SV",2001,3.6
"SY",2001,NA
"SZ",2001,NA
"TD",2001,NA
"TG",2001,NA
"TH",2001,3.2
"TJ",2001,NA
"TL",2001,NA
"TM",2001,NA
"TN",2001,5.3
"TO",2001,NA
"TR",2001,3.6
"TT",2001,5.3
"TW",2001,5.9
"TZ",2001,2.2
"UA",2001,2.1
"UG",2001,1.9
"US",2001,7.6
"UY",2001,5.1
"UZ",2001,2.7
"VC",2001,NA
"VE",2001,2.8
"VN",2001,2.6
"VU",2001,NA
"WS",2001,NA
"YE",2001,NA
"ZA",2001,4.8
"ZM",2001,2.6
"ZW",2001,2.9
"AE",2002,NA
"AF",2002,NA
"AL",2002,2.5
"AM",2002,NA
"AO",2002,1.7
"AR",2002,2.8
"AT",2002,7.8
"AU",2002,8.6
"AZ",2002,2
"BA",2002,NA
"BB",2002,NA
"BD",2002,1.2
"BE",2002,7.1
"BF",2002,NA
"BG",2002,4
"BH",2002,NA
"BI",2002,NA
"BJ",2002,NA
"BN",2002,NA
"BO",2002,2.2
"BR",2002,4
"BS",2002,NA
"BT",2002,NA
"BW",2002,6.4
"BY",2002,4.8
"BZ",2002,NA
"CA",2002,9
"CD",2002,NA
"CF",2002,NA
"CG",2002,NA
"CH",2002,8.5
"CI",2002,2.7
"CL",2002,7.5
"CM",2002,2.2
"CN",2002,3.5
"CO",2002,3.6
"CR",2002,4.5
"CS",2002,NA
"CU",2002,NA
"CV",2002,NA
"CY",2002,NA
"CZ",2002,3.7
"DE",2002,7.3
"DJ",2002,NA
"DK",2002,9.5
"DM",2002,NA
"DO",2002,3.5
"DZ",2002,NA
"EC",2002,2.2
"EE",2002,5.6
"EG",2002,3.4
"ER",2002,NA
"ES",2002,7.1
"ET",2002,3.5
"FI",2002,9.7
"FJ",2002,NA
"FR",2002,6.3
"GA",2002,NA
"GB",2002,8.7
"GD",2002,NA
"GE",2002,2.4
"GH",2002,3.9
"GM",2002,NA
"GN",2002,NA
"GQ",2002,NA
"GR",2002,4.2
"GT",2002,2.5
"GW",2002,NA
"GY",2002,NA
"HK",2002,8.2
"HN",2002,2.7
"HR",2002,3.8
"HT",2002,2.2
"HU",2002,4.9
"ID",2002,1.9
"IE",2002,6.9
"IL",2002,7.3
"IN",2002,2.7
"IQ",2002,NA
"IR",2002,NA
"IS",2002,9.4
"IT",2002,5.2
"JM",2002,4
"JO",2002,4.5
"JP",2002,7.1
"KE",2002,1.9
"KG",2002,NA
"KH",2002,NA
"KI",2002,NA
"KM",2002,NA
"KP",2002,NA
"KR",2002,4.5
"KW",2002,NA
"KZ",2002,2.3
"LA",2002,NA
"LB",2002,NA
"LC",2002,NA
"LK",2002,3.7
"LR",2002,NA
"LS",2002,NA
"LT",2002,4.8
"LU",2002,9
"LV",2002,3.7
"LY",2002,NA
"MA",2002,3.7
"MD",2002,2.1
"ME",2002,NA
"MG",2002,1.7
"MK",2002,NA
"ML",2002,NA
"MM",2002,NA
"MN",2002,NA
"MO",2002,NA
"MR",2002,NA
"MT",2002,NA
"MU",2002,4.5
"MV",2002,NA
"MW",2002,2.9
"MX",2002,3.6
"MY",2002,4.9
"MZ",2002,NA
"NA",2002,5.7
"NE",2002,NA
"NG",2002,1.6
"NI",2002,2.5
"NL",2002,9
"NO",2002,8.5
"NP",2002,NA
"NZ",2002,9.5
"OM",2002,NA
"PA",2002,3
"PE",2002,4
"PG",2002,NA
"PH",2002,2.6
"PK",2002,2.6
"PL",2002,4
"PR",2002,NA
"PS",2002,NA
"PT",2002,6.3
"PY",2002,1.7
"QA",2002,NA
"RO",2002,2.6
"RS",2002,NA
"RU",2002,2.7
"RW",2002,NA
"SA",2002,NA
"SB",2002,NA
"SC",2002,NA
"SD",2002,NA
"SE",2002,9.3
"SG",2002,9.3
"SI",2002,6
"SK",2002,3.7
"SL",2002,NA
"SN",2002,3.1
"SO",2002,NA
"SR",2002,NA
"ST",2002,NA
"SV",2002,3.4
"SY",2002,NA
"SZ",2002,NA
"TD",2002,NA
"TG",2002,NA
"TH",2002,3.2
"TJ",2002,NA
"TL",2002,NA
"TM",2002,NA
"TN",2002,4.8
"TO",2002,NA
"TR",2002,3.2
"TT",2002,4.9
"TW",2002,5.6
"TZ",2002,2.7
"UA",2002,2.4
"UG",2002,2.1
"US",2002,7.7
"UY",2002,5.1
"UZ",2002,2.9
"VC",2002,NA
"VE",2002,2.5
"VN",2002,2.4
"VU",2002,NA
"WS",2002,NA
"YE",2002,NA
"ZA",2002,4.8
"ZM",2002,2.6
"ZW",2002,2.7
"AE",2003,5.2
"AF",2003,NA
"AL",2003,2.5
"AM",2003,3
"AO",2003,1.8
"AR",2003,2.5
"AT",2003,8
"AU",2003,8.8
"AZ",2003,1.8
"BA",2003,3.3
"BB",2003,NA
"BD",2003,1.3
"BE",2003,7.6
"BF",2003,NA
"BG",2003,3.9
"BH",2003,6.1
"BI",2003,NA
"BJ",2003,NA
"BN",2003,NA
"BO",2003,2.3
"BR",2003,3.9
"BS",2003,NA
"BT",2003,NA
"BW",2003,5.7
"BY",2003,4.2
"BZ",2003,4.5
"CA",2003,8.7
"CD",2003,NA
"CF",2003,NA
"CG",2003,2.2
"CH",2003,8.8
"CI",2003,2.1
"CL",2003,7.4
"CM",2003,1.8
"CN",2003,3.4
"CO",2003,3.7
"CR",2003,4.3
"CS",2003,NA
"CU",2003,4.6
"CV",2003,NA
"CY",2003,6.1
"CZ",2003,3.9
"DE",2003,7.7
"DJ",2003,NA
"DK",2003,9.5
"DM",2003,NA
"DO",2003,3.3
"DZ",2003,2.6
"EC",2003,2.2
"EE",2003,5.5
"EG",2003,3.3
"ER",2003,NA
"ES",2003,6.9
"ET",2003,2.5
"FI",2003,9.7
"FJ",2003,NA
"FR",2003,6.9
"GA",2003,NA
"GB",2003,8.7
"GD",2003,NA
"GE",2003,1.8
"GH",2003,3.3
"GM",2003,2.5
"GN",2003,NA
"GQ",2003,NA
"GR",2003,4.3
"GT",2003,2.4
"GW",2003,NA
"GY",2003,NA
"HK",2003,8
"HN",2003,2.3
"HR",2003,3.7
"HT",2003,1.5
"HU",2003,4.8
"ID",2003,1.9
"IE",2003,7.5
"IL",2003,7
"IN",2003,2.8
"IQ",2003,2.2
"IR",2003,3
"IS",2003,9.6
"IT",2003,5.3
"JM",2003,3.8
"JO",2003,4.6
"JP",2003,7
"KE",2003,1.9
"KG",2003,2.1
"KH",2003,NA
"KI",2003,NA
"KM",2003,NA
"KP",2003,NA
"KR",2003,4.3
"KW",2003,5.3
"KZ",2003,2.4
"LA",2003,NA
"LB",2003,3
"LC",2003,NA
"LK",2003,3.4
"LR",2003,NA
"LS",2003,NA
"LT",2003,4.7
"LU",2003,8.7
"LV",2003,3.8
"LY",2003,2.1
"MA",2003,3.3
"MD",2003,2.4
"ME",2003,NA
"MG",2003,2.6
"MK",2003,2.3
"ML",2003,3
"MM",2003,1.6
"MN",2003,NA
"MO",2003,NA
"MR",2003,NA
"MT",2003,NA
"MU",2003,4.4
"MV",2003,NA
"MW",2003,2.8
"MX",2003,3.6
"MY",2003,5.2
"MZ",2003,2.7
"NA",2003,4.7
"NE",2003,NA
"NG",2003,1.4
"NI",2003,2.6
"NL",2003,8.9
"NO",2003,8.8
"NP",2003,NA
"NZ",2003,9.5
"OM",2003,6.3
"PA",2003,3.4
"PE",2003,3.7
"PG",2003,2.1
"PH",2003,2.5
"PK",2003,2.5
"PL",2003,3.6
"PR",2003,NA
"PS",2003,3
"PT",2003,6.6
"PY",2003,1.6
"QA",2003,5.6
"RO",2003,2.8
"RS",2003,2.3
"RU",2003,2.7
"RW",2003,NA
"SA",2003,4.5
"SB",2003,NA
"SC",2003,NA
"SD",2003,2.3
"SE",2003,9.3
"SG",2003,9.4
"SI",2003,5.9
"SK",2003,3.7
"SL",2003,2.2
"SN",2003,3.2
"SO",2003,NA
"SR",2003,NA
"ST",2003,NA
"SV",2003,3.7
"SY",2003,3.4
"SZ",2003,NA
"TD",2003,NA
"TG",2003,NA
"TH",2003,3.3
"TJ",2003,1.8
"TL",2003,NA
"TM",2003,NA
"TN",2003,4.9
"TO",2003,NA
"TR",2003,3.1
"TT",2003,4.6
"TW",2003,5.7
"TZ",2003,2.5
"UA",2003,2.3
"UG",2003,2.2
"US",2003,7.5
"UY",2003,5.5
"UZ",2003,2.4
"VC",2003,NA
"VE",2003,2.4
"VN",2003,2.4
"VU",2003,NA
"WS",2003,NA
"YE",2003,2.6
"ZA",2003,4.4
"ZM",2003,2.5
"ZW",2003,2.3
"AE",2004,6.1
"AF",2004,NA
"AL",2004,2.5
"AM",2004,3.1
"AO",2004,2
"AR",2004,2.5
"AT",2004,8.4
"AU",2004,8.8
"AZ",2004,1.9
"BA",2004,3.1
"BB",2004,7.3
"BD",2004,1.5
"BE",2004,7.5
"BF",2004,NA
"BG",2004,4.1
"BH",2004,5.8
"BI",2004,NA
"BJ",2004,3.2
"BN",2004,NA
"BO",2004,2.2
"BR",2004,3.9
"BS",2004,NA
"BT",2004,NA
"BW",2004,6
"BY",2004,3.3
"BZ",2004,3.8
"CA",2004,8.5
"CD",2004,2
"CF",2004,NA
"CG",2004,2.3
"CH",2004,9.1
"CI",2004,2
"CL",2004,7.4
"CM",2004,2.1
"CN",2004,3.4
"CO",2004,3.8
"CR",2004,4.9
"CS",2004,NA
"CU",2004,3.7
"CV",2004,NA
"CY",2004,5.4
"CZ",2004,4.2
"DE",2004,8.2
"DJ",2004,NA
"DK",2004,9.5
"DM",2004,NA
"DO",2004,2.9
"DZ",2004,2.7
"EC",2004,2.4
"EE",2004,6
"EG",2004,3.2
"ER",2004,2.6
"ES",2004,7.1
"ET",2004,2.3
"FI",2004,9.7
"FJ",2004,NA
"FR",2004,7.1
"GA",2004,3.3
"GB",2004,8.6
"GD",2004,NA
"GE",2004,2
"GH",2004,3.6
"GM",2004,2.8
"GN",2004,NA
"GQ",2004,NA
"GR",2004,4.3
"GT",2004,2.2
"GW",2004,NA
"GY",2004,NA
"HK",2004,8
"HN",2004,2.3
"HR",2004,3.5
"HT",2004,1.5
"HU",2004,4.8
"ID",2004,2
"IE",2004,7.5
"IL",2004,6.4
"IN",2004,2.8
"IQ",2004,2.1
"IR",2004,2.9
"IS",2004,9.5
"IT",2004,4.8
"JM",2004,3.3
"JO",2004,5.3
"JP",2004,6.9
"KE",2004,2.1
"KG",2004,2.2
"KH",2004,NA
"KI",2004,NA
"KM",2004,NA
"KP",2004,NA
"KR",2004,4.5
"KW",2004,4.6
"KZ",2004,2.2
"LA",2004,NA
"LB",2004,2.7
"LC",2004,NA
"LK",2004,3.5
"LR",2004,NA
"LS",2004,NA
"LT",2004,4.6
"LU",2004,8.4
"LV",2004,4
"LY",2004,2.5
"MA",2004,3.2
"MD",2004,2.3
"ME",2004,NA
"MG",2004,3.1
"MK",2004,2.7
"ML",2004,3.2
"MM",2004,1.7
"MN",2004,3
"MO",2004,NA
"MR",2004,NA
"MT",2004,6.8
"MU",2004,4.1
"MV",2004,NA
"MW",2004,2.8
"MX",2004,3.6
"MY",2004,5
"MZ",2004,2.8
"NA",2004,4.1
"NE",2004,2.2
"NG",2004,1.6
"NI",2004,2.7
"NL",2004,8.7
"NO",2004,8.9
"NP",2004,2.8
"NZ",2004,9.6
"OM",2004,6.1
"PA",2004,3.7
"PE",2004,3.5
"PG",2004,2.6
"PH",2004,2.6
"PK",2004,2.1
"PL",2004,3.5
"PR",2004,NA
"PS",2004,2.5
"PT",2004,6.3
"PY",2004,1.9
"QA",2004,5.2
"RO",2004,2.9
"RS",2004,2.7
"RU",2004,2.8
"RW",2004,NA
"SA",2004,3.4
"SB",2004,NA
"SC",2004,4.4
"SD",2004,2.2
"SE",2004,9.2
"SG",2004,9.3
"SI",2004,6
"SK",2004,4
"SL",2004,2.3
"SN",2004,3
"SO",2004,NA
"SR",2004,4.3
"ST",2004,NA
"SV",2004,4.2
"SY",2004,3.4
"SZ",2004,NA
"TD",2004,1.7
"TG",2004,NA
"TH",2004,3.6
"TJ",2004,2
"TL",2004,NA
"TM",2004,2
"TN",2004,5
"TO",2004,NA
"TR",2004,3.2
"TT",2004,4.2
"TW",2004,5.6
"TZ",2004,2.8
"UA",2004,2.2
"UG",2004,2.6
"US",2004,7.5
"UY",2004,6.2
"UZ",2004,2.3
"VC",2004,NA
"VE",2004,2.3
"VN",2004,2.6
"VU",2004,NA
"WS",2004,NA
"YE",2004,2.4
"ZA",2004,4.6
"ZM",2004,2.6
"ZW",2004,2.3
"AE",2005,6.2
"AF",2005,2.5
"AL",2005,2.4
"AM",2005,2.9
"AO",2005,2
"AR",2005,2.8
"AT",2005,8.7
"AU",2005,8.8
"AZ",2005,2.2
"BA",2005,2.9
"BB",2005,6.9
"BD",2005,1.7
"BE",2005,7.4
"BF",2005,3.4
"BG",2005,4
"BH",2005,5.8
"BI",2005,2.3
"BJ",2005,2.9
"BN",2005,NA
"BO",2005,2.5
"BR",2005,3.7
"BS",2005,NA
"BT",2005,NA
"BW",2005,5.9
"BY",2005,2.6
"BZ",2005,3.7
"CA",2005,8.4
"CD",2005,2.1
"CF",2005,NA
"CG",2005,2.3
"CH",2005,9.1
"CI",2005,1.9
"CL",2005,7.3
"CM",2005,2.2
"CN",2005,3.2
"CO",2005,4
"CR",2005,4.2
"CS",2005,NA
"CU",2005,3.8
"CV",2005,NA
"CY",2005,5.7
"CZ",2005,4.3
"DE",2005,8.2
"DJ",2005,NA
"DK",2005,9.5
"DM",2005,NA
"DO",2005,3
"DZ",2005,2.8
"EC",2005,2.5
"EE",2005,6.4
"EG",2005,3.4
"ER",2005,2.6
"ES",2005,7
"ET",2005,2.2
"FI",2005,9.6
"FJ",2005,4
"FR",2005,7.5
"GA",2005,2.9
"GB",2005,8.6
"GD",2005,NA
"GE",2005,2.3
"GH",2005,3.5
"GM",2005,2.7
"GN",2005,NA
"GQ",2005,1.9
"GR",2005,4.3
"GT",2005,2.5
"GW",2005,NA
"GY",2005,2.5
"HK",2005,8.3
"HN",2005,2.6
"HR",2005,3.4
"HT",2005,1.8
"HU",2005,5
"ID",2005,2.2
"IE",2005,7.4
"IL",2005,6.3
"IN",2005,2.9
"IQ",2005,2.2
"IR",2005,2.9
"IS",2005,9.7
"IT",2005,5
"JM",2005,3.6
"JO",2005,5.7
"JP",2005,7.3
"KE",2005,2.1
"KG",2005,2.3
"KH",2005,2.3
"KI",2005,NA
"KM",2005,NA
"KP",2005,NA
"KR",2005,5
"KW",2005,4.7
"KZ",2005,2.6
"LA",2005,3.3
"LB",2005,3.1
"LC",2005,NA
"LK",2005,3.2
"LR",2005,2.2
"LS",2005,3.4
"LT",2005,4.8
"LU",2005,8.5
"LV",2005,4.2
"LY",2005,2.5
"MA",2005,3.2
"MD",2005,2.9
"ME",2005,NA
"MG",2005,2.8
"MK",2005,2.7
"ML",2005,2.9
"MM",2005,1.8
"MN",2005,3
"MO",2005,NA
"MR",2005,NA
"MT",2005,6.6
"MU",2005,4.2
"MV",2005,NA
"MW",2005,2.8
"MX",2005,3.5
"MY",2005,5.1
"MZ",2005,2.8
"NA",2005,4.3
"NE",2005,2.4
"NG",2005,1.9
"NI",2005,2.6
"NL",2005,8.6
"NO",2005,8.9
"NP",2005,2.5
"NZ",2005,9.6
"OM",2005,6.3
"PA",2005,3.5
"PE",2005,3.5
"PG",2005,2.3
"PH",2005,2.5
"PK",2005,2.1
"PL",2005,3.4
"PR",2005,NA
"PS",2005,2.6
"PT",2005,6.5
"PY",2005,2.1
"QA",2005,5.9
"RO",2005,3
"RS",2005,2.8
"RU",2005,2.4
"RW",2005,3.1
"SA",2005,3.4
"SB",2005,NA
"SC",2005,4
"SD",2005,2.1
"SE",2005,9.2
"SG",2005,9.4
"SI",2005,6.1
"SK",2005,4.3
"SL",2005,2.4
"SN",2005,3.2
"SO",2005,2.1
"SR",2005,3.2
"ST",2005,NA
"SV",2005,4.2
"SY",2005,3.4
"SZ",2005,2.7
"TD",2005,1.7
"TG",2005,NA
"TH",2005,3.8
"TJ",2005,2.1
"TL",2005,NA
"TM",2005,1.8
"TN",2005,4.9
"TO",2005,NA
"TR",2005,3.5
"TT",2005,3.8
"TW",2005,5.9
"TZ",2005,2.9
"UA",2005,2.6
"UG",2005,2.5
"US",2005,7.6
"UY",2005,5.9
"UZ",2005,2.2
"VC",2005,NA
"VE",2005,2.3
"VN",2005,2.6
"VU",2005,NA
"WS",2005,NA
"YE",2005,2.7
"ZA",2005,4.5
"ZM",2005,2.6
"ZW",2005,2.6
"AE",2006,6.2
"AF",2006,NA
"AL",2006,2.6
"AM",2006,2.9
"AO",2006,2.2
"AR",2006,2.9
"AT",2006,8.6
"AU",2006,8.7
"AZ",2006,2.4
"BA",2006,2.9
"BB",2006,6.7
"BD",2006,2
"BE",2006,7.3
"BF",2006,3.2
"BG",2006,4
"BH",2006,5.7
"BI",2006,2.4
"BJ",2006,2.5
"BN",2006,NA
"BO",2006,2.7
"BR",2006,3.3
"BS",2006,NA
"BT",2006,6
"BW",2006,5.6
"BY",2006,2.1
"BZ",2006,3.5
"CA",2006,8.5
"CD",2006,2
"CF",2006,2.4
"CG",2006,2.2
"CH",2006,9.1
"CI",2006,2.1
"CL",2006,7.3
"CM",2006,2.3
"CN",2006,3.3
"CO",2006,3.9
"CR",2006,4.1
"CS",2006,NA
"CU",2006,3.5
"CV",2006,NA
"CY",2006,5.6
"CZ",2006,4.8
"DE",2006,8
"DJ",2006,NA
"DK",2006,9.5
"DM",2006,4.5
"DO",2006,2.8
"DZ",2006,3.1
"EC",2006,2.3
"EE",2006,6.7
"EG",2006,3.3
"ER",2006,2.9
"ES",2006,6.8
"ET",2006,2.4
"FI",2006,9.6
"FJ",2006,NA
"FR",2006,7.4
"GA",2006,3
"GB",2006,8.6
"GD",2006,3.5
"GE",2006,2.8
"GH",2006,3.3
"GM",2006,2.5
"GN",2006,1.9
"GQ",2006,2.1
"GR",2006,4.4
"GT",2006,2.6
"GW",2006,NA
"GY",2006,2.5
"HK",2006,8.3
"HN",2006,2.5
"HR",2006,3.4
"HT",2006,1.8
"HU",2006,5.2
"ID",2006,2.4
"IE",2006,7.4
"IL",2006,5.9
"IN",2006,3.3
"IQ",2006,1.9
"IR",2006,2.7
"IS",2006,9.6
"IT",2006,4.9
"JM",2006,3.7
"JO",2006,5.3
"JP",2006,7.6
"KE",2006,2.2
"KG",2006,2.2
"KH",2006,2.1
"KI",2006,NA
"KM",2006,NA
"KP",2006,NA
"KR",2006,5.1
"KW",2006,4.8
"KZ",2006,2.6
"LA",2006,2.6
"LB",2006,3.6
"LC",2006,NA
"LK",2006,3.1
"LR",2006,NA
"LS",2006,3.2
"LT",2006,4.8
"LU",2006,8.6
"LV",2006,4.7
"LY",2006,2.7
"MA",2006,3.2
"MD",2006,3.2
"ME",2006,NA
"MG",2006,3.1
"MK",2006,2.7
"ML",2006,2.8
"MM",2006,1.9
"MN",2006,2.8
"MO",2006,6.6
"MR",2006,3.1
"MT",2006,6.4
"MU",2006,5.1
"MV",2006,NA
"MW",2006,2.7
"MX",2006,3.3
"MY",2006,5
"MZ",2006,2.8
"NA",2006,4.1
"NE",2006,2.3
"NG",2006,2.2
"NI",2006,2.6
"NL",2006,8.7
"NO",2006,8.8
"NP",2006,2.5
"NZ",2006,9.6
"OM",2006,5.4
"PA",2006,3.1
"PE",2006,3.3
"PG",2006,2.4
"PH",2006,2.5
"PK",2006,2.2
"PL",2006,3.7
"PR",2006,NA
"PS",2006,NA
"PT",2006,6.6
"PY",2006,2.6
"QA",2006,6
"RO",2006,3.1
"RS",2006,3
"RU",2006,2.5
"RW",2006,2.5
"SA",2006,3.3
"SB",2006,NA
"SC",2006,3.6
"SD",2006,2
"SE",2006,9.2
"SG",2006,9.4
"SI",2006,6.4
"SK",2006,4.7
"SL",2006,2.2
"SN",2006,3.3
"SO",2006,NA
"SR",2006,3
"ST",2006,NA
"SV",2006,4
"SY",2006,2.9
"SZ",2006,2.5
"TD",2006,2
"TG",2006,2.4
"TH",2006,3.6
"TJ",2006,2.2
"TL",2006,2.6
"TM",2006,2.2
"TN",2006,4.6
"TO",2006,NA
"TR",2006,3.8
"TT",2006,3.2
"TW",2006,5.9
"TZ",2006,2.9
"UA",2006,2.8
"UG",2006,2.7
"US",2006,7.3
"UY",2006,6.4
"UZ",2006,2.1
"VC",2006,NA
"VE",2006,2.3
"VN",2006,2.6
"VU",2006,NA
"WS",2006,NA
"YE",2006,2.6
"ZA",2006,4.6
"ZM",2006,2.6
"ZW",2006,2.4
"AE",2007,5.7
"AF",2007,1.8
"AL",2007,2.9
"AM",2007,3
"AO",2007,2.2
"AR",2007,2.9
"AT",2007,8.1
"AU",2007,8.6
"AZ",2007,2.1
"BA",2007,3.3
"BB",2007,6.9
"BD",2007,2
"BE",2007,7.1
"BF",2007,2.9
"BG",2007,4.1
"BH",2007,5
"BI",2007,2.5
"BJ",2007,2.7
"BN",2007,NA
"BO",2007,2.9
"BR",2007,3.5
"BS",2007,NA
"BT",2007,5
"BW",2007,5.4
"BY",2007,2.1
"BZ",2007,3
"CA",2007,8.7
"CD",2007,1.9
"CF",2007,2
"CG",2007,2.1
"CH",2007,9
"CI",2007,2.1
"CL",2007,7
"CM",2007,2.4
"CN",2007,3.5
"CO",2007,3.8
"CR",2007,5
"CS",2007,NA
"CU",2007,4.2
"CV",2007,4.9
"CY",2007,5.3
"CZ",2007,5.2
"DE",2007,7.8
"DJ",2007,2.9
"DK",2007,9.4
"DM",2007,5.6
"DO",2007,3
"DZ",2007,3
"EC",2007,2.1
"EE",2007,6.5
"EG",2007,2.9
"ER",2007,2.8
"ES",2007,6.7
"ET",2007,2.4
"FI",2007,9.4
"FJ",2007,NA
"FR",2007,7.3
"GA",2007,3.3
"GB",2007,8.4
"GD",2007,3.4
"GE",2007,3.4
"GH",2007,3.7
"GM",2007,2.3
"GN",2007,1.9
"GQ",2007,1.9
"GR",2007,4.6
"GT",2007,2.8
"GW",2007,2.2
"GY",2007,2.6
"HK",2007,8.3
"HN",2007,2.5
"HR",2007,4.1
"HT",2007,1.6
"HU",2007,5.3
"ID",2007,2.3
"IE",2007,7.5
"IL",2007,6.1
"IN",2007,3.5
"IQ",2007,1.5
"IR",2007,2.5
"IS",2007,9.2
"IT",2007,5.2
"JM",2007,3.3
"JO",2007,4.7
"JP",2007,7.5
"KE",2007,2.1
"KG",2007,2.1
"KH",2007,2
"KI",2007,3.3
"KM",2007,2.6
"KP",2007,NA
"KR",2007,5.1
"KW",2007,4.3
"KZ",2007,2.1
"LA",2007,1.9
"LB",2007,3
"LC",2007,6.8
"LK",2007,3.2
"LR",2007,2.1
"LS",2007,3.3
"LT",2007,4.8
"LU",2007,8.4
"LV",2007,4.8
"LY",2007,2.5
"MA",2007,3.5
"MD",2007,2.8
"ME",2007,3.3
"MG",2007,3.2
"MK",2007,3.3
"ML",2007,2.7
"MM",2007,1.4
"MN",2007,3
"MO",2007,5.7
"MR",2007,2.6
"MT",2007,5.8
"MU",2007,4.7
"MV",2007,3.3
"MW",2007,2.7
"MX",2007,3.5
"MY",2007,5.1
"MZ",2007,2.8
"NA",2007,4.5
"NE",2007,2.6
"NG",2007,2.2
"NI",2007,2.6
"NL",2007,9
"NO",2007,8.7
"NP",2007,2.5
"NZ",2007,9.4
"OM",2007,4.7
"PA",2007,3.2
"PE",2007,3.5
"PG",2007,2
"PH",2007,2.5
"PK",2007,2.4
"PL",2007,4.2
"PR",2007,NA
"PS",2007,NA
"PT",2007,6.5
"PY",2007,2.4
"QA",2007,6
"RO",2007,3.7
"RS",2007,3.4
"RU",2007,2.3
"RW",2007,2.8
"SA",2007,3.4
"SB",2007,2.8
"SC",2007,4.5
"SD",2007,1.8
"SE",2007,9.3
"SG",2007,9.3
"SI",2007,6.6
"SK",2007,4.9
"SL",2007,2.1
"SN",2007,3.6
"SO",2007,1.4
"SR",2007,3.5
"ST",2007,2.7
"SV",2007,4
"SY",2007,2.4
"SZ",2007,3.3
"TD",2007,1.8
"TG",2007,2.3
"TH",2007,3.3
"TJ",2007,2.1
"TL",2007,2.6
"TM",2007,2
"TN",2007,4.2
"TO",2007,1.7
"TR",2007,4.1
"TT",2007,3.4
"TW",2007,5.7
"TZ",2007,3.2
"UA",2007,2.7
"UG",2007,2.8
"US",2007,7.2
"UY",2007,6.7
"UZ",2007,1.7
"VC",2007,6.1
"VE",2007,2
"VN",2007,2.6
"VU",2007,3.1
"WS",2007,4.5
"YE",2007,2.5
"ZA",2007,5.1
"ZM",2007,2.6
"ZW",2007,2.1
"AE",2008,5.9
"AF",2008,1.5
"AL",2008,3.4
"AM",2008,2.9
"AO",2008,1.9
"AR",2008,2.9
"AT",2008,8.1
"AU",2008,8.7
"AZ",2008,1.9
"BA",2008,3.2
"BB",2008,7
"BD",2008,2.1
"BE",2008,7.3
"BF",2008,3.5
"BG",2008,3.6
"BH",2008,5.4
"BI",2008,1.9
"BJ",2008,3.1
"BN",2008,NA
"BO",2008,3
"BR",2008,3.5
"BS",2008,NA
"BT",2008,5.2
"BW",2008,5.8
"BY",2008,2
"BZ",2008,2.9
"CA",2008,8.7
"CD",2008,1.7
"CF",2008,2
"CG",2008,1.9
"CH",2008,9
"CI",2008,2
"CL",2008,6.9
"CM",2008,2.3
"CN",2008,3.6
"CO",2008,3.8
"CR",2008,5.1
"CS",2008,NA
"CU",2008,4.3
"CV",2008,5.1
"CY",2008,6.4
"CZ",2008,5.2
"DE",2008,7.9
"DJ",2008,3
"DK",2008,9.3
"DM",2008,6
"DO",2008,3
"DZ",2008,3.2
"EC",2008,2
"EE",2008,6.6
"EG",2008,2.8
"ER",2008,2.6
"ES",2008,6.5
"ET",2008,2.6
"FI",2008,9
"FJ",2008,NA
"FR",2008,6.9
"GA",2008,3.1
"GB",2008,7.7
"GD",2008,NA
"GE",2008,3.9
"GH",2008,3.9
"GM",2008,1.9
"GN",2008,1.6
"GQ",2008,1.7
"GR",2008,4.7
"GT",2008,3.1
"GW",2008,1.9
"GY",2008,2.6
"HK",2008,8.1
"HN",2008,2.6
"HR",2008,4.4
"HT",2008,1.4
"HU",2008,5.1
"ID",2008,2.6
"IE",2008,7.7
"IL",2008,6
"IN",2008,3.4
"IQ",2008,1.3
"IR",2008,2.3
"IS",2008,8.9
"IT",2008,4.8
"JM",2008,3.1
"JO",2008,5.1
"JP",2008,7.3
"KE",2008,2.1
"KG",2008,1.8
"KH",2008,1.8
"KI",2008,3.1
"KM",2008,2.5
"KP",2008,NA
"KR",2008,5.6
"KW",2008,4.3
"KZ",2008,2.2
"LA",2008,2
"LB",2008,3
"LC",2008,7.1
"LK",2008,3.2
"LR",2008,2.4
"LS",2008,3.2
"LT",2008,4.6
"LU",2008,8.3
"LV",2008,5
"LY",2008,2.6
"MA",2008,3.5
"MD",2008,2.9
"ME",2008,3.4
"MG",2008,3.4
"MK",2008,3.6
"ML",2008,3.1
"MM",2008,1.3
"MN",2008,3
"MO",2008,5.4
"MR",2008,2.8
"MT",2008,5.8
"MU",2008,5.5
"MV",2008,2.8
"MW",2008,2.8
"MX",2008,3.6
"MY",2008,5.1
"MZ",2008,2.6
"NA",2008,4.5
"NE",2008,2.8
"NG",2008,2.7
"NI",2008,2.5
"NL",2008,8.9
"NO",2008,7.9
"NP",2008,2.7
"NZ",2008,9.3
"OM",2008,5.5
"PA",2008,3.4
"PE",2008,3.6
"PG",2008,2
"PH",2008,2.3
"PK",2008,2.5
"PL",2008,4.6
"PR",2008,5.8
"PS",2008,NA
"PT",2008,6.1
"PY",2008,2.4
"QA",2008,6.5
"RO",2008,3.8
"RS",2008,3.4
"RU",2008,2.1
"RW",2008,3
"SA",2008,3.5
"SB",2008,2.9
"SC",2008,4.8
"SD",2008,1.6
"SE",2008,9.3
"SG",2008,9.2
"SI",2008,6.7
"SK",2008,5
"SL",2008,1.9
"SN",2008,3.4
"SO",2008,1
"SR",2008,3.6
"ST",2008,2.7
"SV",2008,3.9
"SY",2008,2.1
"SZ",2008,3.6
"TD",2008,1.6
"TG",2008,2.7
"TH",2008,3.5
"TJ",2008,2
"TL",2008,2.2
"TM",2008,1.8
"TN",2008,4.4
"TO",2008,2.4
"TR",2008,4.6
"TT",2008,3.6
"TW",2008,5.7
"TZ",2008,3
"UA",2008,2.5
"UG",2008,2.6
"US",2008,7.3
"UY",2008,6.9
"UZ",2008,1.8
"VC",2008,6.5
"VE",2008,1.9
"VN",2008,2.7
"VU",2008,2.9
"WS",2008,4.4
"YE",2008,2.3
"ZA",2008,4.9
"ZM",2008,2.8
"ZW",2008,1.8
"AE",2009,6.5
"AF",2009,1.3
"AL",2009,3.2
"AM",2009,2.7
"AO",2009,1.9
"AR",2009,2.9
"AT",2009,7.9
"AU",2009,8.7
"AZ",2009,2.3
"BA",2009,3
"BB",2009,7.4
"BD",2009,2.4
"BE",2009,7.1
"BF",2009,3.6
"BG",2009,3.8
"BH",2009,5.1
"BI",2009,1.8
"BJ",2009,2.9
"BN",2009,5.5
"BO",2009,2.7
"BR",2009,3.7
"BS",2009,NA
"BT",2009,5
"BW",2009,5.6
"BY",2009,2.4
"BZ",2009,NA
"CA",2009,8.7
"CD",2009,1.9
"CF",2009,2
"CG",2009,NA
"CH",2009,9
"CI",2009,2.1
"CL",2009,6.7
"CM",2009,2.2
"CN",2009,3.6
"CO",2009,3.7
"CR",2009,5.3
"CS",2009,NA
"CU",2009,4.4
"CV",2009,5.1
"CY",2009,6.6
"CZ",2009,4.9
"DE",2009,8
"DJ",2009,2.8
"DK",2009,9.3
"DM",2009,5.9
"DO",2009,3
"DZ",2009,2.8
"EC",2009,2.2
"EE",2009,6.6
"EG",2009,2.8
"ER",2009,2.6
"ES",2009,6.1
"ET",2009,2.7
"FI",2009,8.9
"FJ",2009,NA
"FR",2009,6.9
"GA",2009,2.9
"GB",2009,7.7
"GD",2009,NA
"GE",2009,4.1
"GH",2009,3.9
"GM",2009,2.9
"GN",2009,1.8
"GQ",2009,1.8
"GR",2009,3.8
"GT",2009,3.4
"GW",2009,1.9
"GY",2009,2.6
"HK",2009,8.2
"HN",2009,2.5
"HR",2009,4.1
"HT",2009,1.8
"HU",2009,5.1
"ID",2009,2.8
"IE",2009,8
"IL",2009,6.1
"IN",2009,3.4
"IQ",2009,1.5
"IR",2009,1.8
"IS",2009,8.7
"IT",2009,4.3
"JM",2009,3
"JO",2009,5
"JP",2009,7.7
"KE",2009,2.2
"KG",2009,1.9
"KH",2009,2
"KI",2009,2.8
"KM",2009,2.3
"KP",2009,NA
"KR",2009,5.5
"KW",2009,4.1
"KZ",2009,2.7
"LA",2009,2
"LB",2009,2.5
"LC",2009,7
"LK",2009,3.1
"LR",2009,3.1
"LS",2009,3.3
"LT",2009,4.9
"LU",2009,8.2
"LV",2009,4.5
"LY",2009,2.5
"MA",2009,3.3
"MD",2009,3.3
"ME",2009,3.9
"MG",2009,3
"MK",2009,3.8
"ML",2009,2.8
"MM",2009,1.4
"MN",2009,2.7
"MO",2009,5.3
"MR",2009,2.5
"MT",2009,5.2
"MU",2009,5.4
"MV",2009,2.5
"MW",2009,3.3
"MX",2009,3.3
"MY",2009,4.5
"MZ",2009,2.5
"NA",2009,4.5
"NE",2009,2.9
"NG",2009,2.5
"NI",2009,2.5
"NL",2009,8.9
"NO",2009,8.6
"NP",2009,2.3
"NZ",2009,9.4
"OM",2009,5.5
"PA",2009,3.4
"PE",2009,3.7
"PG",2009,2.1
"PH",2009,2.4
"PK",2009,2.4
"PL",2009,5
"PR",2009,5.8
"PS",2009,NA
"PT",2009,5.8
"PY",2009,2.1
"QA",2009,7
"RO",2009,3.8
"RS",2009,3.5
"RU",2009,2.2
"RW",2009,3.3
"SA",2009,4.3
"SB",2009,2.8
"SC",2009,4.8
"SD",2009,1.5
"SE",2009,9.2
"SG",2009,9.2
"SI",2009,6.6
"SK",2009,4.5
"SL",2009,2.2
"SN",2009,3
"SO",2009,1.1
"SR",2009,3.7
"ST",2009,2.8
"SV",2009,3.4
"SY",2009,2.6
"SZ",2009,3.6
"TD",2009,1.6
"TG",2009,2.8
"TH",2009,3.4
"TJ",2009,2
"TL",2009,2.2
"TM",2009,1.8
"TN",2009,4.2
"TO",2009,3
"TR",2009,4.4
"TT",2009,3.6
"TW",2009,5.6
"TZ",2009,2.6
"UA",2009,2.2
"UG",2009,2.5
"US",2009,7.5
"UY",2009,6.7
"UZ",2009,1.7
"VC",2009,6.4
"VE",2009,1.9
"VN",2009,2.7
"VU",2009,3.2
"WS",2009,4.5
"YE",2009,2.1
"ZA",2009,4.7
"ZM",2009,3
"ZW",2009,2.2
"AE",2010,6.3
"AF",2010,1.4
"AL",2010,3.3
"AM",2010,2.6
"AO",2010,1.9
"AR",2010,2.9
"AT",2010,7.9
"AU",2010,8.7
"AZ",2010,2.4
"BA",2010,3.2
"BB",2010,7.8
"BD",2010,2.4
"BE",2010,7.1
"BF",2010,3.1
"BG",2010,3.6
"BH",2010,4.9
"BI",2010,1.8
"BJ",2010,2.8
"BN",2010,5.5
"BO",2010,2.8
"BR",2010,3.7
"BS",2010,NA
"BT",2010,5.7
"BW",2010,5.8
"BY",2010,2.5
"BZ",2010,NA
"CA",2010,8.9
"CD",2010,2
"CF",2010,2.1
"CG",2010,NA
"CH",2010,8.7
"CI",2010,2.2
"CL",2010,7.2
"CM",2010,2.2
"CN",2010,3.5
"CO",2010,3.5
"CR",2010,5.3
"CS",2010,2.8
"CU",2010,3.7
"CV",2010,5.1
"CY",2010,6.3
"CZ",2010,4.6
"DE",2010,7.9
"DJ",2010,3.2
"DK",2010,9.3
"DM",2010,5.2
"DO",2010,3
"DZ",2010,2.9
"EC",2010,2.5
"EE",2010,6.5
"EG",2010,3.1
"ER",2010,2.6
"ES",2010,6.1
"ET",2010,2.7
"FI",2010,9.2
"FJ",2010,NA
"FR",2010,6.8
"GA",2010,2.8
"GB",2010,7.6
"GD",2010,NA
"GE",2010,3.8
"GH",2010,4.1
"GM",2010,3.2
"GN",2010,2
"GQ",2010,1.9
"GR",2010,3.5
"GT",2010,3.2
"GW",2010,2.1
"GY",2010,2.7
"HK",2010,8.4
"HN",2010,2.4
"HR",2010,4.1
"HT",2010,2.2
"HU",2010,4.7
"ID",2010,2.8
"IE",2010,8
"IL",2010,6.1
"IN",2010,3.3
"IQ",2010,1.5
"IR",2010,2.2
"IS",2010,8.5
"IT",2010,3.9
"JM",2010,3.3
"JO",2010,4.7
"JP",2010,7.8
"KE",2010,2.1
"KG",2010,2
"KH",2010,2.1
"KI",2010,3.2
"KM",2010,2.1
"KP",2010,NA
"KR",2010,5.4
"KW",2010,4.5
"KZ",2010,2.9
"LA",2010,2.1
"LB",2010,2.5
"LC",2010,NA
"LK",2010,3.2
"LR",2010,3.3
"LS",2010,3.5
"LT",2010,5
"LU",2010,8.5
"LV",2010,4.3
"LY",2010,2.2
"MA",2010,3.4
"MD",2010,2.9
"ME",2010,3.7
"MG",2010,2.6
"MK",2010,4.1
"ML",2010,2.7
"MM",2010,1.4
"MN",2010,2.7
"MO",2010,5
"MR",2010,2.3
"MT",2010,5.6
"MU",2010,5.4
"MV",2010,2.3
"MW",2010,3.4
"MX",2010,3.1
"MY",2010,4.4
"MZ",2010,2.7
"NA",2010,4.4
"NE",2010,2.6
"NG",2010,2.4
"NI",2010,2.5
"NL",2010,8.8
"NO",2010,8.6
"NP",2010,2.2
"NZ",2010,9.3
"OM",2010,5.3
"PA",2010,3.6
"PE",2010,3.5
"PG",2010,2.1
"PH",2010,2.4
"PK",2010,2.3
"PL",2010,5.3
"PR",2010,5.8
"PS",2010,NA
"PT",2010,6
"PY",2010,2.2
"QA",2010,7.7
"RO",2010,3.7
"RS",2010,3.5
"RU",2010,2.1
"RW",2010,4
"SA",2010,4.7
"SB",2010,2.8
"SC",2010,4.8
"SD",2010,1.6
"SE",2010,9.2
"SG",2010,9.3
"SI",2010,6.4
"SK",2010,4.3
"SL",2010,2.4
"SN",2010,2.9
"SO",2010,1.1
"SR",2010,NA
"ST",2010,3
"SV",2010,3.6
"SY",2010,2.5
"SZ",2010,3.2
"TD",2010,1.7
"TG",2010,2.4
"TH",2010,3.5
"TJ",2010,2.1
"TL",2010,2.5
"TM",2010,1.6
"TN",2010,4.3
"TO",2010,3
"TR",2010,4.4
"TT",2010,3.6
"TW",2010,5.8
"TZ",2010,2.7
"UA",2010,2.4
"UG",2010,2.5
"US",2010,7.1
"UY",2010,6.9
"UZ",2010,1.6
"VC",2010,NA
"VE",2010,2
"VN",2010,2.7
"VU",2010,3.6
"WS",2010,4.1
"YE",2010,2.2
"ZA",2010,4.5
"ZM",2010,3
"ZW",2010,2.4
"AE",2011,6.82
"AF",2011,1.52
"AL",2011,3.05
"AM",2011,2.63
"AO",2011,2.01
"AR",2011,3
"AT",2011,7.79
"AU",2011,8.84
"AZ",2011,2.38
"BA",2011,3.21
"BB",2011,7.77
"BD",2011,2.66
"BE",2011,7.49
"BF",2011,3.05
"BG",2011,3.33
"BH",2011,5.11
"BI",2011,1.94
"BJ",2011,2.97
"BN",2011,5.21
"BO",2011,2.76
"BR",2011,3.77
"BS",2011,7.29
"BT",2011,5.74
"BW",2011,6.08
"BY",2011,2.42
"BZ",2011,NA
"CA",2011,8.67
"CD",2011,2.02
"CF",2011,2.21
"CG",2011,2.15
"CH",2011,8.8
"CI",2011,2.23
"CL",2011,7.21
"CM",2011,2.45
"CN",2011,3.64
"CO",2011,3.45
"CR",2011,4.8
"CS",2011,2.85
"CU",2011,4.16
"CV",2011,5.52
"CY",2011,6.27
"CZ",2011,4.37
"DE",2011,8.05
"DJ",2011,2.98
"DK",2011,9.39
"DM",2011,5.17
"DO",2011,2.59
"DZ",2011,2.9
"EC",2011,2.65
"EE",2011,6.35
"EG",2011,2.86
"ER",2011,2.48
"ES",2011,6.23
"ET",2011,2.69
"FI",2011,9.4
"FJ",2011,NA
"FR",2011,7.01
"GA",2011,2.98
"GB",2011,7.78
"GD",2011,NA
"GE",2011,4.13
"GH",2011,3.85
"GM",2011,3.51
"GN",2011,2.11
"GQ",2011,1.91
"GR",2011,3.39
"GT",2011,2.73
"GW",2011,2.2
"GY",2011,2.49
"HK",2011,8.39
"HN",2011,2.59
"HR",2011,4.03
"HT",2011,1.8
"HU",2011,4.56
"ID",2011,3.03
"IE",2011,7.54
"IL",2011,5.81
"IN",2011,3.1
"IQ",2011,1.8
"IR",2011,2.72
"IS",2011,8.27
"IT",2011,3.91
"JM",2011,3.34
"JO",2011,4.49
"JP",2011,8.04
"KE",2011,2.24
"KG",2011,2.12
"KH",2011,2.11
"KI",2011,3.08
"KM",2011,2.41
"KP",2011,1.01
"KR",2011,5.36
"KW",2011,4.62
"KZ",2011,2.69
"LA",2011,2.21
"LB",2011,2.49
"LC",2011,7.02
"LK",2011,3.3
"LR",2011,3.19
"LS",2011,3.52
"LT",2011,4.75
"LU",2011,8.51
"LV",2011,4.19
"LY",2011,2.01
"MA",2011,3.44
"MD",2011,2.88
"ME",2011,3.97
"MG",2011,3.04
"MK",2011,3.94
"ML",2011,2.76
"MM",2011,1.49
"MN",2011,2.68
"MO",2011,5.11
"MR",2011,2.43
"MT",2011,5.59
"MU",2011,5.07
"MV",2011,2.47
"MW",2011,3
"MX",2011,2.97
"MY",2011,4.31
"MZ",2011,2.69
"NA",2011,4.43
"NE",2011,2.54
"NG",2011,2.45
"NI",2011,2.53
"NL",2011,8.89
"NO",2011,8.99
"NP",2011,2.21
"NZ",2011,9.46
"OM",2011,4.83
"PA",2011,3.27
"PE",2011,3.39
"PG",2011,2.17
"PH",2011,2.64
"PK",2011,2.47
"PL",2011,5.48
"PR",2011,5.59
"PS",2011,NA
"PT",2011,6.1
"PY",2011,2.22
"QA",2011,7.16
"RO",2011,3.61
"RS",2011,3.31
"RU",2011,2.45
"RW",2011,4.98
"SA",2011,4.39
"SB",2011,2.71
"SC",2011,4.82
"SD",2011,1.56
"SE",2011,9.3
"SG",2011,9.17
"SI",2011,5.87
"SK",2011,3.97
"SL",2011,2.46
"SN",2011,2.87
"SO",2011,0.98
"SR",2011,3.03
"ST",2011,2.99
"SV",2011,3.42
"SY",2011,2.56
"SZ",2011,3.08
"TD",2011,2.04
"TG",2011,2.38
"TH",2011,3.38
"TJ",2011,2.27
"TL",2011,2.38
"TM",2011,1.6
"TN",2011,3.76
"TO",2011,3.14
"TR",2011,4.21
"TT",2011,3.17
"TW",2011,6.14
"TZ",2011,2.95
"UA",2011,2.3
"UG",2011,2.43
"US",2011,7.14
"UY",2011,7.04
"UZ",2011,1.62
"VC",2011,5.76
"VE",2011,1.89
"VN",2011,2.86
"VU",2011,3.53
"WS",2011,3.88
"YE",2011,2.08
"ZA",2011,4.08
"ZM",2011,3.2
"ZW",2011,2.23
"AE",2012,68
"AF",2012,8
"AL",2012,33
"AM",2012,34
"AO",2012,22
"AR",2012,35
"AT",2012,69
"AU",2012,85
"AZ",2012,27
"BA",2012,42
"BB",2012,76
"BD",2012,26
"BE",2012,75
"BF",2012,38
"BG",2012,41
"BH",2012,51
"BI",2012,19
"BJ",2012,36
"BN",2012,55
"BO",2012,34
"BR",2012,43
"BS",2012,71
"BT",2012,63
"BW",2012,65
"BY",2012,31
"BZ",2012,NA
"CA",2012,84
"CD",2012,21
"CF",2012,26
"CG",2012,26
"CH",2012,86
"CI",2012,29
"CL",2012,72
"CM",2012,26
"CN",2012,39
"CO",2012,36
"CR",2012,54
"CS",2012,34
"CU",2012,48
"CV",2012,60
"CY",2012,66
"CZ",2012,49
"DE",2012,79
"DJ",2012,36
"DK",2012,90
"DM",2012,58
"DO",2012,32
"DZ",2012,34
"EC",2012,32
"EE",2012,64
"EG",2012,32
"ER",2012,25
"ES",2012,65
"ET",2012,33
"FI",2012,90
"FJ",2012,NA
"FR",2012,71
"GA",2012,35
"GB",2012,74
"GD",2012,NA
"GE",2012,52
"GH",2012,45
"GM",2012,34
"GN",2012,24
"GQ",2012,20
"GR",2012,36
"GT",2012,33
"GW",2012,25
"GY",2012,28
"HK",2012,77
"HN",2012,28
"HR",2012,46
"HT",2012,19
"HU",2012,55
"ID",2012,32
"IE",2012,69
"IL",2012,60
"IN",2012,36
"IQ",2012,18
"IR",2012,28
"IS",2012,82
"IT",2012,42
"JM",2012,38
"JO",2012,48
"JP",2012,74
"KE",2012,27
"KG",2012,24
"KH",2012,22
"KI",2012,NA
"KM",2012,28
"KP",2012,8
"KR",2012,56
"KW",2012,44
"KZ",2012,28
"LA",2012,21
"LB",2012,30
"LC",2012,71
"LK",2012,40
"LR",2012,41
"LS",2012,45
"LT",2012,54
"LU",2012,80
"LV",2012,49
"LY",2012,21
"MA",2012,37
"MD",2012,36
"ME",2012,41
"MG",2012,32
"MK",2012,43
"ML",2012,34
"MM",2012,15
"MN",2012,36
"MO",2012,NA
"MR",2012,31
"MT",2012,57
"MU",2012,57
"MV",2012,NA
"MW",2012,37
"MX",2012,34
"MY",2012,49
"MZ",2012,31
"NA",2012,48
"NE",2012,33
"NG",2012,27
"NI",2012,29
"NL",2012,84
"NO",2012,85
"NP",2012,27
"NZ",2012,90
"OM",2012,47
"PA",2012,38
"PE",2012,38
"PG",2012,25
"PH",2012,34
"PK",2012,27
"PL",2012,58
"PR",2012,63
"PS",2012,NA
"PT",2012,63
"PY",2012,25
"QA",2012,68
"RO",2012,44
"RS",2012,39
"RU",2012,28
"RW",2012,53
"SA",2012,44
"SB",2012,NA
"SC",2012,52
"SD",2012,13
"SE",2012,88
"SG",2012,87
"SI",2012,61
"SK",2012,46
"SL",2012,31
"SN",2012,36
"SO",2012,8
"SR",2012,37
"ST",2012,42
"SV",2012,38
"SY",2012,26
"SZ",2012,37
"TD",2012,19
"TG",2012,30
"TH",2012,37
"TJ",2012,22
"TL",2012,33
"TM",2012,17
"TN",2012,41
"TO",2012,NA
"TR",2012,49
"TT",2012,39
"TW",2012,61
"TZ",2012,35
"UA",2012,26
"UG",2012,29
"US",2012,73
"UY",2012,72
"UZ",2012,17
"VC",2012,62
"VE",2012,19
"VN",2012,31
"VU",2012,NA
"WS",2012,NA
"YE",2012,23
"ZA",2012,43
"ZM",2012,37
"ZW",2012,20
"AE",2013,69
"AF",2013,8
"AL",2013,31
"AM",2013,36
"AO",2013,23
"AR",2013,34
"AT",2013,69
"AU",2013,81
"AZ",2013,28
"BA",2013,42
"BB",2013,75
"BD",2013,27
"BE",2013,75
"BF",2013,38
"BG",2013,41
"BH",2013,48
"BI",2013,21
"BJ",2013,36
"BN",2013,60
"BO",2013,34
"BR",2013,42
"BS",2013,71
"BT",2013,63
"BW",2013,64
"BY",2013,29
"BZ",2013,NA
"CA",2013,81
"CD",2013,22
"CF",2013,25
"CG",2013,22
"CH",2013,85
"CI",2013,27
"CL",2013,71
"CM",2013,25
"CN",2013,40
"CO",2013,36
"CR",2013,53
"CS",2013,33
"CU",2013,46
"CV",2013,58
"CY",2013,63
"CZ",2013,48
"DE",2013,78
"DJ",2013,36
"DK",2013,91
"DM",2013,58
"DO",2013,29
"DZ",2013,36
"EC",2013,35
"EE",2013,68
"EG",2013,32
"ER",2013,20
"ES",2013,59
"ET",2013,33
"FI",2013,89
"FJ",2013,NA
"FR",2013,71
"GA",2013,34
"GB",2013,76
"GD",2013,NA
"GE",2013,49
"GH",2013,46
"GM",2013,28
"GN",2013,24
"GQ",2013,19
"GR",2013,40
"GT",2013,29
"GW",2013,19
"GY",2013,27
"HK",2013,75
"HN",2013,26
"HR",2013,48
"HT",2013,19
"HU",2013,54
"ID",2013,32
"IE",2013,72
"IL",2013,61
"IN",2013,36
"IQ",2013,16
"IR",2013,25
"IS",2013,78
"IT",2013,43
"JM",2013,38
"JO",2013,45
"JP",2013,74
"KE",2013,27
"KG",2013,24
"KH",2013,20
"KI",2013,NA
"KM",2013,28
"KP",2013,8
"KR",2013,55
"KW",2013,43
"KZ",2013,26
"LA",2013,26
"LB",2013,28
"LC",2013,71
"LK",2013,37
"LR",2013,38
"LS",2013,49
"LT",2013,57
"LU",2013,80
"LV",2013,53
"LY",2013,15
"MA",2013,37
"MD",2013,35
"ME",2013,44
"MG",2013,28
"MK",2013,44
"ML",2013,28
"MM",2013,21
"MN",2013,38
"MO",2013,NA
"MR",2013,30
"MT",2013,56
"MU",2013,52
"MV",2013,NA
"MW",2013,37
"MX",2013,34
"MY",2013,50
"MZ",2013,30
"NA",2013,48
"NE",2013,34
"NG",2013,25
"NI",2013,28
"NL",2013,83
"NO",2013,86
"NP",2013,31
"NZ",2013,91
"OM",2013,47
"PA",2013,35
"PE",2013,38
"PG",2013,25
"PH",2013,36
"PK",2013,28
"PL",2013,60
"PR",2013,62
"PS",2013,NA
"PT",2013,62
"PY",2013,24
"QA",2013,68
"RO",2013,43
"RS",2013,42
"RU",2013,28
"RW",2013,53
"SA",2013,46
"SB",2013,NA
"SC",2013,54
"SD",2013,11
"SE",2013,89
"SG",2013,86
"SI",2013,57
"SK",2013,47
"SL",2013,30
"SN",2013,41
"SO",2013,8
"SR",2013,36
"ST",2013,42
"SV",2013,38
"SY",2013,17
"SZ",2013,39
"TD",2013,19
"TG",2013,29
"TH",2013,35
"TJ",2013,22
"TL",2013,30
"TM",2013,17
"TN",2013,41
"TO",2013,NA
"TR",2013,50
"TT",2013,38
"TW",2013,61
"TZ",2013,33
"UA",2013,25
"UG",2013,26
"US",2013,73
"UY",2013,73
"UZ",2013,17
"VC",2013,62
"VE",2013,20
"VN",2013,31
"VU",2013,NA
"WS",2013,NA
"YE",2013,18
"ZA",2013,42
"ZM",2013,38
"ZW",2013,21
"AE",2014,70
"AF",2014,12
"AL",2014,33
"AM",2014,37
"AO",2014,19
"AR",2014,34
"AT",2014,72
"AU",2014,80
"AZ",2014,29
"BA",2014,39
"BB",2014,74
"BD",2014,25
"BE",2014,76
"BF",2014,38
"BG",2014,43
"BH",2014,49
"BI",2014,20
"BJ",2014,39
"BN",2014,NA
"BO",2014,35
"BR",2014,43
"BS",2014,71
"BT",2014,65
"BW",2014,63
"BY",2014,31
"BZ",2014,NA
"CA",2014,81
"CD",2014,22
"CF",2014,24
"CG",2014,23
"CH",2014,86
"CI",2014,32
"CL",2014,73
"CM",2014,27
"CN",2014,36
"CO",2014,37
"CR",2014,54
"CS",2014,33
"CU",2014,46
"CV",2014,57
"CY",2014,63
"CZ",2014,51
"DE",2014,79
"DJ",2014,34
"DK",2014,92
"DM",2014,58
"DO",2014,32
"DZ",2014,36
"EC",2014,33
"EE",2014,69
"EG",2014,37
"ER",2014,18
"ES",2014,60
"ET",2014,33
"FI",2014,89
"FJ",2014,NA
"FR",2014,69
"GA",2014,37
"GB",2014,78
"GD",2014,NA
"GE",2014,52
"GH",2014,48
"GM",2014,29
"GN",2014,25
"GQ",2014,NA
"GR",2014,43
"GT",2014,32
"GW",2014,19
"GY",2014,30
"HK",2014,74
"HN",2014,29
"HR",2014,48
"HT",2014,19
"HU",2014,54
"ID",2014,34
"IE",2014,74
"IL",2014,60
"IN",2014,38
"IQ",2014,16
"IR",2014,27
"IS",2014,79
"IT",2014,43
"JM",2014,38
"JO",2014,49
"JP",2014,76
"KE",2014,25
"KG",2014,27
"KH",2014,21
"KI",2014,NA
"KM",2014,26
"KP",2014,8
"KR",2014,55
"KW",2014,44
"KZ",2014,29
"LA",2014,25
"LB",2014,27
"LC",2014,NA
"LK",2014,38
"LR",2014,37
"LS",2014,49
"LT",2014,58
"LU",2014,82
"LV",2014,55
"LY",2014,18
"MA",2014,39
"MD",2014,35
"ME",2014,42
"MG",2014,28
"MK",2014,45
"ML",2014,32
"MM",2014,21
"MN",2014,39
"MO",2014,NA
"MR",2014,30
"MT",2014,55
"MU",2014,54
"MV",2014,NA
"MW",2014,33
"MX",2014,35
"MY",2014,52
"MZ",2014,31
"NA",2014,49
"NE",2014,35
"NG",2014,27
"NI",2014,28
"NL",2014,83
"NO",2014,86
"NP",2014,29
"NZ",2014,91
"OM",2014,45
"PA",2014,37
"PE",2014,38
"PG",2014,25
"PH",2014,38
"PK",2014,29
"PL",2014,61
"PR",2014,63
"PS",2014,NA
"PT",2014,63
"PY",2014,24
"QA",2014,69
"RO",2014,43
"RS",2014,41
"RU",2014,27
"RW",2014,49
"SA",2014,49
"SB",2014,NA
"SC",2014,55
"SD",2014,11
"SE",2014,87
"SG",2014,84
"SI",2014,58
"SK",2014,50
"SL",2014,31
"SN",2014,43
"SO",2014,8
"SR",2014,36
"ST",2014,42
"SV",2014,39
"SY",2014,20
"SZ",2014,43
"TD",2014,22
"TG",2014,29
"TH",2014,38
"TJ",2014,23
"TL",2014,28
"TM",2014,17
"TN",2014,40
"TO",2014,NA
"TR",2014,45
"TT",2014,38
"TW",2014,61
"TZ",2014,31
"UA",2014,26
"UG",2014,26
"US",2014,74
"UY",2014,73
"UZ",2014,18
"VC",2014,67
"VE",2014,19
"VN",2014,31
"VU",2014,NA
"WS",2014,52
"YE",2014,19
"ZA",2014,44
"ZM",2014,38
"ZW",2014,21
